GPS lat,GPS long,Normalized Risk Score
8.800303824356117,11.708904040511866,0.026466165413533835
9.48720176811159,-12.986162744656417,0.026165413533834586
9.762172659985872,-11.793052571452009,0.026165413533834586
-2.274859409477325,15.236280031584222,0.023157894736842106
3.37606972645505,12.995465678517844,0.06646616541353384
5.331905236935361,14.802077026187032,0.0015037593984962411
9.419808010975663,-12.171232257472356,0.026165413533834586
9.580746032080276,-11.7925346300669,0.026165413533834586
5.247770101005822,12.939954274126743,0.04481203007518798
9.115448714458338,-12.713566907569696,0.026165413533834586
11.225472186215544,11.868404651019814,0.007518796992481201
7.290237362226496,-8.708974703653913,0.039699248120300755
3.4071313675049675,14.71599346168159,0.03518796992481203
4.554401310663486,12.31128780229753,0.04481203007518798
8.501022053022341,-13.299784418289763,0.026165413533834586
-0.5544707581732335,16.37796906930218,0.023157894736842106
9.596635489516794,-12.24295488424574,0.026165413533834586
6.669577367544328,3.4306346319379832,0.020150375939849623
9.115448714458338,-12.713566907569696,0.026165413533834586
-0.070369271544419,14.230824703028889,0.0015037593984962411
8.451172645405013,-13.294409167579564,0.026165413533834586
8.86921712576833,-13.023020014350454,0.026165413533834586
6.489079628773359,4.051373184733194,0.020150375939849623
6.8293284229728615,6.491903905446804,0.005413533834586465
6.789110078286642,-8.633161557020639,0.039699248120300755
7.461826528289467,-8.397048522311819,0.039699248120300755
9.249907128288656,-11.496670118184284,0.026165413533834586
9.791974286628964,-12.276648209094805,0.026165413533834586
2.815860637795846,15.809636229276062,0.0015037593984962411
4.777610509108581,12.423289848162831,0.0012030075187969922
-1.3960900009009756,15.642772156694903,0.023157894736842106
8.227818880299576,9.903010534619135,0.0012030075187969922
4.923964497708881,-10.474504662712896,0.039699248120300755
10.911874867987839,9.40461055337389,0.026466165413533835
4.915691505571218,-10.268821351126359,0.039699248120300755
11.456541140369954,9.718848235407195,0.02857142857142857
7.361248271368406,-8.799025004452059,0.039699248120300755
7.834229262691329,8.852294551655152,0.007518796992481201
8.747016782929647,-12.35231238128129,0.026165413533834586
4.434337325045377,12.15510176402921,0.006315789473684211
4.705879513575825,12.229319026566946,0.005413533834586465
3.014415519284637,16.191692291825703,0.006315789473684211
5.078287529794536,-10.254526937322373,0.039699248120300755
8.091639163208757,-13.509115637363012,0.026165413533834586
9.430184184469525,-12.094857949417902,0.026165413533834586
8.951085891061862,10.07266704500535,0.013834586466165413
5.629523462229881,3.0333746664844288,0.020150375939849623
10.317540868985152,-11.896635097910018,0.026165413533834586
4.939183975494334,-10.501239408755422,0.039699248120300755
3.390478610307704,16.38221159556614,0.0015037593984962411
9.040028276700546,-13.44878838525685,0.026165413533834586
9.855064029756104,-12.105970983385635,0.026165413533834586
8.49309271544141,-12.57216336414605,0.026165413533834586
6.2847703676003315,-9.516897710268905,0.039699248120300755
5.811090144083925,13.138694069682721,0.0012030075187969922
9.27830048290364,-12.70865835887371,0.026165413533834586
11.278729962354502,10.268720632909057,0.0012030075187969922
9.199288186759086,-12.025469040304305,0.026165413533834586
2.4079817287093768,12.39086077878755,0.0015037593984962411
0.4169758781692505,18.93851252317501,0.0015037593984962411
8.747016782929647,-12.35231238128129,0.026165413533834586
0.9557918329774056,19.292709757279727,0.0015037593984962411
-1.8841547809896433,15.363879637312921,0.023157894736842106
3.8371797596461175,13.85577616910767,0.0015037593984962411
10.853040454559642,8.878039527297133,0.020150375939849623
3.55003975518282,11.093527670216709,0.009022556390977444
-2.120670590829117,15.59123589492346,0.023157894736842106
8.433740607583918,9.687482831643702,0.005413533834586465
8.779925487146063,10.838075791140025,0.0012030075187969922
-1.6375919220941395,15.175263861339962,0.023157894736842106
6.0191660243293805,3.3208970335636696,0.020150375939849623
7.30492790941323,-8.433452155490631,0.039699248120300755
9.047267392837341,-13.594018360392205,0.026165413533834586
6.72070851052378,3.589936112607709,0.020150375939849623
0.5061064891617582,29.380413040999013,0.003909774436090226
-1.9730773241988042,14.774516181883072,0.023157894736842106
9.955448474268533,13.728686045517714,0.03488721804511278
-1.9930613876000667,15.056912311223641,0.023157894736842106
-1.459430444067828,15.678711679217587,0.023157894736842106
5.785467431085191,-10.087772040617166,0.039699248120300755
4.7194596946486715,14.921255292441298,0.003909774436090226
9.455681788515168,-12.727541066244035,0.026165413533834586
-0.8590904751401807,13.531889616644081,0.0015037593984962411
9.006185508868306,-12.719886404665786,0.026165413533834586
-2.662078228287075,15.041358604748972,0.023157894736842106
8.16714432501077,9.632187757415132,0.0012030075187969922
6.038908318659189,3.559089485367531,0.020150375939849623
6.011876080672594,2.963152238510445,0.020150375939849623
4.914359091537805,-10.540135312869916,0.039699248120300755
5.095202100836709,-10.483123923837942,0.039699248120300755
-0.6451309316933642,15.737326949976461,0.023157894736842106
5.5529782904372755,-9.99338059616772,0.039699248120300755
5.261335862610361,-10.337282714475377,0.039699248120300755
8.211105482687826,-13.063827805410137,0.026165413533834586
5.192319834682117,-9.879845027307443,0.039699248120300755
7.170162490437118,-9.046455155280535,0.039699248120300755
10.024592972330106,-12.08331425503703,0.026165413533834586
0.3556506832807393,30.014742110318196,0.0015037593984962411
8.661081981126205,-13.210500582986603,0.026165413533834586
0.5638524922904122,19.06397731130266,0.0015037593984962411
9.715974169611684,-12.27247430445001,0.026165413533834586
7.362737501815569,-8.607797625352699,0.039699248120300755
9.8123021653683,12.720221269287237,0.0012030075187969922
8.609733886977137,-13.124762788106201,0.026165413533834586
-1.4229128029632845,15.934124316003068,0.023157894736842106
6.2613628331200655,-9.861408813194073,0.039699248120300755
4.978110867119323,3.2231554689255506,0.020150375939849623
5.923078180600674,-9.035016045502543,0.039699248120300755
4.529707270478298,18.447197470986005,0.02556390977443609
6.716270156681379,-8.93473702148126,0.039699248120300755
0.18475494737276082,19.069561831735648,0.0015037593984962411
10.071042328466284,12.920291303733084,0.0012030075187969922
-0.8868501879978972,16.039781991289907,0.023157894736842106
9.070508828633578,11.813230586280493,0.005413533834586465
-2.023902301168863,15.356272966759553,0.023157894736842106
7.098505282467475,4.7540779104740185,0.020150375939849623
9.10744586993216,11.810867558597893,0.03278195488721804
8.82693070974038,13.300888796780423,0.0012030075187969922
8.499956591538547,-13.497196041144306,0.026165413533834586
6.291273093887475,3.537199634752797,0.020150375939849623
5.409306465069363,-10.30998466628535,0.039699248120300755
11.256373826827247,9.510369825882906,0.005413533834586465
6.425129142701148,-8.998238308886789,0.039699248120300755
7.337294541078709,-9.050882369378062,0.039699248120300755
7.764789602564343,-8.939883178118267,0.0018045112781954892
5.774322471332484,-9.885726879772168,0.039699248120300755
-1.4875741324195693,15.648838037902058,0.023157894736842106
0.11184207293706266,18.865883245218683,0.0015037593984962411
0.1405623848548718,18.443645619912445,0.013533834586466167
9.53897658343443,-12.183317512862766,0.026165413533834586
6.1186492888179425,3.5714142931587487,0.020150375939849623
-1.7975631844811326,15.15541529932986,0.023157894736842106
9.112795084499108,8.357781390982307,0.005413533834586465
-0.7195268775072652,19.940956409731715,0.006315789473684211
-2.306534436457288,15.380946195463645,0.023157894736842106
4.052074871118135,13.943287778415915,0.0015037593984962411
8.37955220223358,-13.52445230731753,0.026165413533834586
6.3891350189143346,-8.719649995043687,0.039699248120300755
7.397974848381873,-9.353150620723254,0.0018045112781954892
6.259291939235525,-9.468308344631028,0.039699248120300755
9.061844038658442,-12.25799176586039,0.026165413533834586
8.573818269249195,-13.450100203593347,0.026165413533834586
7.182358031378728,-8.783326250125297,0.039699248120300755
5.02909535308342,2.8032699773586627,0.020150375939849623
3.3741672295938967,13.79905061396313,0.003909774436090226
10.238045604223922,-11.65256242080276,0.026165413533834586
0.655647993510511,18.068296658314125,0.0015037593984962411
8.654470291214519,-13.533549418577621,0.026165413533834586
8.36983923551278,-13.296035458523326,0.026165413533834586
0.7226462541892367,18.466386303999286,0.023157894736842106
-1.5502409243184077,15.451218194818084,0.023157894736842106
2.3811808816648883,15.808109674092641,0.0015037593984962411
-2.2702105691038534,14.883169945548952,0.023157894736842106
9.936920480875667,-12.194024690965172,0.026165413533834586
-1.3047969503695749,15.840819240723656,0.023157894736842106
4.054310102001324,13.880726007908105,0.0012030075187969922
6.055966991545491,-9.851758983388304,0.039699248120300755
3.9059671694861056,13.918672442720599,0.0015037593984962411
6.309412079243583,8.488062003046089,0.0012030075187969922
8.466569169124067,-13.434954668502483,0.026165413533834586
11.95324017931547,12.59063744198912,0.0033082706766917286
10.563735470860012,-12.355123834159643,0.026165413533834586
5.140347378032291,-10.150053839990592,0.039699248120300755
9.580746032080276,-11.7925346300669,0.026165413533834586
-2.8480905266509398,15.296571186417477,0.023157894736842106
11.052735884117698,9.451762994993551,0.007518796992481201
5.029212864189206,-10.236027006381777,0.039699248120300755
-1.0939679664703912,17.61433135734287,0.04481203007518798
6.3491677742002945,3.4066184260178134,0.020150375939849623
5.914351833564201,2.8196469523864636,0.020150375939849623
2.4081495586378394,12.293621447138143,0.0015037593984962411
3.1848823535147375,13.266532614090915,0.04000000000000001
8.284194484440057,-13.355761773729594,0.026165413533834586
9.074765794679005,-12.751228956751481,0.026165413533834586
5.660919728708851,2.8123528292136504,0.020150375939849623
9.91116566212093,11.025044812781074,0.0012030075187969922
4.434337325045377,12.15510176402921,0.006315789473684211
5.094062484274675,15.337612949471081,0.0015037593984962411
-2.2702105691038534,14.883169945548952,0.023157894736842106
9.07466263678343,-12.644109203884206,0.026165413533834586
7.321762283007168,-9.032259685720756,0.039699248120300755
-1.3953115050143787,15.649970968141172,0.023157894736842106
4.070010056262169,11.894259637900973,0.0012030075187969922
-2.336889290820505,15.254629475867189,0.023157894736842106
8.620921573250232,-13.293343257984946,0.026165413533834586
6.50221683442722,-9.188559427118632,0.039699248120300755
9.592106449424419,-12.680474278259704,0.026165413533834586
-2.6747492270702873,14.834825902448662,0.023157894736842106
8.945370893395115,-13.197362026612268,0.026165413533834586
-3.045228185483056,14.465199844935599,0.023157894736842106
-0.4269345176161403,16.172095002282017,0.023157894736842106
4.349165018584062,13.492905040295595,0.0015037593984962411
5.356138480720077,2.9917579930914906,0.020150375939849623
9.592106449424419,-12.680474278259704,0.026165413533834586
0.29549271049649667,19.37958650627367,0.0015037593984962411
10.49708266983438,9.42023626472161,0.0012030075187969922
9.862567166916703,13.159706068329154,0.013834586466165413
2.5832423068306554,13.369409091449242,0.008721804511278197
0.23372898537933168,15.020339536089455,0.0015037593984962411
9.747849157525291,-12.207925505577169,0.026165413533834586
5.608286862249076,3.3344003758540843,0.020150375939849623
7.083710580360511,-9.33552504725891,0.039699248120300755
8.415119654681787,-13.314071480411922,0.026165413533834586
9.698986371147969,-12.381119744449927,0.026165413533834586
6.638759226874191,-9.33007417765495,0.039699248120300755
6.324488524451053,-10.149887031824495,0.039699248120300755
6.492815600878298,3.155115384905149,0.020150375939849623
8.984322042303434,11.79704923730093,0.005413533834586465
8.809623069516737,-12.496772627254005,0.026165413533834586
7.321762283007168,-9.032259685720756,0.039699248120300755
6.200116678068483,13.910383804721004,0.03278195488721804
-2.8267660360467417,14.6351701437377,0.023157894736842106
7.770881979856005,8.72358082971727,0.04541353383458646
-1.902514404911684,15.593189544553772,0.023157894736842106
11.07962138573058,9.611461492713078,0.0012030075187969922
-0.052932743726785386,14.067039268397435,0.030375939849624056
9.874238714662885,11.509549494483721,0.0012030075187969922
-1.4567558103493268,16.25616044967533,0.023157894736842106
5.554499675789016,-10.918692645565198,0.039699248120300755
-0.2837592964258733,13.912218998765988,0.0015037593984962411
5.714763600292091,2.740314459840558,0.020150375939849623
-0.6722991555149329,16.299797865819702,0.023157894736842106
6.751625179109337,4.294133316938002,0.020150375939849623
6.863691509512115,3.9427197091173154,0.020150375939849623
5.369321229847396,-9.921288394567524,0.039699248120300755
2.507761746114629,12.35286965483149,0.0015037593984962411
7.215945655145852,-8.43006778756169,0.039699248120300755
9.296480608723991,-11.224453054768734,0.026165413533834586
-1.1022086159900528,15.558731174513303,0.023157894736842106
5.103103160262019,-10.691468224287654,0.039699248120300755
6.931448556521468,3.7905797192414896,0.020150375939849623
3.174271856742493,13.771415553742374,0.013533834586466167
3.029682468546064,12.58442652289148,0.04962406015037594
0.5067049300411373,18.901324694487858,0.006315789473684211
9.296480608723991,-11.224453054768734,0.026165413533834586
9.379582693902897,-12.429303230409658,0.026165413533834586
0.09039437149650142,29.12052662360095,0.07368421052631581
10.164217846625728,-11.822739556392516,0.026165413533834586
8.19883022635446,-13.099585767305555,0.026165413533834586
4.332377107805962,14.719862618299697,0.006315789473684211
4.385995852191708,11.641019283313929,0.02225563909774436
-0.2837592964258733,13.912218998765988,0.0015037593984962411
8.665478722143247,-13.099877742027713,0.026165413533834586
10.11020622524725,-11.73172572921511,0.026165413533834586
-0.19689151928108517,16.66366361220925,0.023157894736842106
9.462721422674973,11.001698920715317,0.011729323308270674
7.361248271368406,-8.799025004452059,0.039699248120300755
6.316811262401824,4.168889961091487,0.020150375939849623
8.869426815891254,-13.045111218817668,0.026165413533834586
-2.2862912036858827,15.603727664250274,0.023157894736842106
-0.4446376751304476,14.347758120375294,0.006315789473684211
9.955544378714107,-12.392811825723728,0.026165413533834586
2.6042429792179798,12.99462934836796,0.0015037593984962411
7.84049975760897,-13.257827158422414,0.026165413533834586
6.170314627707261,-10.253821135798162,0.039699248120300755
-1.0944111547127453,15.273915634866706,0.023157894736842106
5.330344533491451,15.487148642325579,0.054436090225563914
6.141523795315411,-9.821221623324739,0.039699248120300755
5.4331053517889805,3.1560966266377477,0.020150375939849623
2.4086599621353058,15.54384428628148,0.0015037593984962411
10.076527765008443,-11.387614941920553,0.026165413533834586
7.24190781250459,8.329415825906105,0.0033082706766917286
2.466688550340501,20.481017330844878,0.01593984962406015
-0.9067381849792306,15.76310573101839,0.023157894736842106
-0.7094612512550935,17.87730772545639,0.04240601503759399
7.211399991329104,4.487490794448014,0.020150375939849623
6.98843365642057,-8.39533319281778,0.039699248120300755
10.923281761224855,13.391039865132894,0.03067669172932331
-2.9766160220901297,14.195452672773133,0.023157894736842106
0.8908476426106011,29.41676256979499,0.0015037593984962411
2.4172610791966713,15.807496185837534,0.003909774436090226
2.420964239117953,12.102653221376412,0.0015037593984962411
0.0849989238510706,18.735192716214833,0.03518796992481203
9.040028276700546,-13.44878838525685,0.026165413533834586
9.80851205402367,-11.592886835795658,0.026165413533834586
1.828647198433666,14.839968448625065,0.006315789473684211
7.416995044311753,9.80126504349787,0.0012030075187969922
9.550081092684277,-12.361147859785547,0.026165413533834586
7.70410595371875,9.58748163021097,0.0012030075187969922
-0.4373715078303295,17.65993936707316,0.0015037593984962411
-0.17594114220881654,14.246918606117799,0.0015037593984962411
9.219822347222582,-12.090951411593922,0.026165413533834586
10.089908482801253,9.56830110607949,0.0012030075187969922
8.677328860668485,-12.803864659809605,0.026165413533834586
8.693416011812934,-12.411595208682455,0.026165413533834586
-1.946016515514945,15.698219449504592,0.023157894736842106
3.2419054698188776,16.2821786923876,0.003909774436090226
8.97994121863464,-12.415088750275064,0.026165413533834586
9.550081092684277,-12.361147859785547,0.026165413533834586
6.678485233570446,-8.351591601462886,0.039699248120300755
8.227599411528855,-13.390491228128086,0.026165413533834586
7.1053130239193045,-8.507007462475478,0.039699248120300755
7.687931502657707,9.440565233530823,0.0012030075187969922
9.779120271443983,10.775375694346723,0.005413533834586465
-0.02801260398947697,14.537490860178124,0.006315789473684211
5.73399708212121,2.52132145978559,0.020150375939849623
5.625820172485822,-9.766569300861573,0.039699248120300755
9.449746697414726,-12.46160870775065,0.026165413533834586
9.406421950956736,-12.200287167235778,0.026165413533834586
5.899665506158662,2.748589863019233,0.020150375939849623
0.09039437149650142,29.12052662360095,0.07368421052631581
7.888273555193463,-13.27522833848715,0.026165413533834586
-1.0314378712077745,15.683079176757255,0.023157894736842106
-1.4294978647074086,16.30236604801708,0.023157894736842106
9.325731847199709,-12.150160124266932,0.026165413533834586
1.8872907493247537,15.274600778390997,0.006315789473684211
9.29653507005848,12.456705738585038,0.0012030075187969922
0.5563814258500959,29.86152171763055,0.0015037593984962411
5.930034911328082,-9.671566697073766,0.039699248120300755
8.743331210124321,-12.373761834647622,0.026165413533834586
9.738589436572394,13.476235946572189,0.0012030075187969922
0.14072962787921733,29.20979226499383,0.0015037593984962411
10.0100860623369,-12.761940989529538,0.026165413533834586
8.463841821100036,9.371536662620452,0.0012030075187969922
9.955544378714107,-12.392811825723728,0.026165413533834586
8.905744428353627,-12.042487810753904,0.026165413533834586
-0.6209771032447842,13.872373935343083,0.003909774436090226
3.9890968345418347,13.728077771283745,0.0015037593984962411
9.086802538491177,-13.199927346577212,0.026165413533834586
12.876367254817742,13.541213630024822,0.0012030075187969922
-0.3555353674899319,28.92313870447646,0.003909774436090226
10.392162485223452,-11.796049412968125,0.026165413533834586
-0.3353458625039065,13.947291626666603,0.0015037593984962411
9.52706145781693,-11.687986216803978,0.026165413533834586
-2.5734951258159766,14.442699359506635,0.023157894736842106
10.164217846625728,-11.822739556392516,0.026165413533834586
4.434337325045377,12.15510176402921,0.005413533834586465
-2.0225859748918062,15.213662287508308,0.023157894736842106
11.685628096361496,12.348955835503036,0.02857142857142857
7.06949571862519,-8.457555217482955,0.039699248120300755
-0.40938744214836065,13.807928619217686,0.003909774436090226
10.807061926834772,9.885755615490122,0.011729323308270674
2.10410291758842,12.164287047729577,0.0015037593984962411
9.199288186759086,-12.025469040304305,0.026165413533834586
8.844018303381763,-13.280463571423873,0.026165413533834586
8.30603171989704,-13.443676207700612,0.026165413533834586
6.501740518737811,4.086657416335395,0.020150375939849623
3.5447559305691847,12.414796986459283,0.018345864661654138
3.612213180075866,13.886569225015931,0.0015037593984962411
6.036788210367095,-9.576613775698366,0.039699248120300755
-1.0911384419264492,16.601079285992142,0.023157894736842106
-0.2198007287981002,14.16953990065692,0.011127819548872181
6.323999569618813,-9.724385334524037,0.039699248120300755
11.642107020428075,12.561310961998739,0.0012030075187969922
1.7587931286439784,15.160907346568802,0.0015037593984962411
0.5229429643787415,14.835099893839299,0.0015037593984962411
11.24691275294897,9.641915246386358,0.03278195488721804
10.341711563736439,-11.111414293272318,0.026165413533834586
1.1956524183637427,30.35220715951909,0.02796992481203008
-0.4446376751304476,14.347758120375294,0.006315789473684211
8.291918209412326,-12.989409479513029,0.026165413533834586
8.344292750204056,-13.283307181756284,0.026165413533834586
4.970025838084952,15.395964313145786,0.003909774436090226
10.087572416351104,-11.433937783312444,0.026165413533834586
3.035622453023578,13.059695017721344,0.003909774436090226
-0.5061221498070713,14.012084969448098,0.0015037593984962411
9.718921244328381,-12.80703080140525,0.026165413533834586
6.605561710109044,3.6537416243233896,0.020150375939849623
6.253400296143931,13.100385424190693,0.03278195488721804
7.014918637553711,-9.111571743976125,0.0018045112781954892
1.0493660203288717,29.734169376623477,0.0015037593984962411
8.744838029258933,-13.045014589106579,0.026165413533834586
1.81714471617983,14.968953560771094,0.0015037593984962411
6.582271417399772,3.6300527882798046,0.020150375939849623
2.5184320849685227,15.742004077216453,0.0015037593984962411
5.717962754403812,-10.580594535825927,0.039699248120300755
9.668952941021438,-11.823551634200214,0.026165413533834586
7.079429832398486,3.906334711118112,0.020150375939849623
8.852362427921198,-12.769246935890525,0.026165413533834586
10.170854294738682,12.480187276979,0.0012030075187969922
6.242552396833262,3.3320273278646555,0.020150375939849623
5.820354502933694,-9.771880561336491,0.039699248120300755
9.917645470877932,-12.398505865674846,0.026165413533834586
8.30603171989704,-13.443676207700612,0.026165413533834586
8.737764517378977,-11.887265211667119,0.026165413533834586
7.161290274504557,-8.952601677849117,0.039699248120300755
-1.4014381821060138,15.469711625573616,0.023157894736842106
6.563597379218235,-9.345941633211133,0.039699248120300755
8.924054157828426,-13.40662702112448,0.026165413533834586
10.537610487585559,9.607078061067662,0.0012030075187969922
4.083658710978444,13.708456296855246,0.0015037593984962411
8.46469870403308,-13.481991478743698,0.026165413533834586
9.335062139843602,-11.815804434689325,0.026165413533834586
10.423731172462913,8.749015599843215,0.0033082706766917286
10.127813210382177,13.092140042236208,0.00962406015037594
9.246856895407394,11.671829857189138,0.0012030075187969922
-1.3953115050143787,15.649970968141172,0.023157894736842106
7.192817242497598,8.42427176549566,0.0012030075187969922
8.68285337944326,-12.944126862426256,0.026165413533834586
8.025905083889958,-13.798111331556587,0.026165413533834586
-2.188923845263494,15.489942349449164,0.023157894736842106
-0.6857652093566619,13.511273986062337,0.003909774436090226
9.64132132552867,13.904359813100454,0.0012030075187969922
6.091910607546507,-9.503331659471739,0.039699248120300755
9.311403403676218,11.390890965574718,0.0012030075187969922
10.10893883648979,13.548108657455321,0.02225563909774436
4.751380253405224,14.907017981359852,0.0015037593984962411
9.26645146175624,-11.86671179459367,0.026165413533834586
9.649159561463776,-11.769811052154088,0.026165413533834586
6.470570284194823,-8.901065498917193,0.039699248120300755
9.560188254001845,11.257708778020401,0.0012030075187969922
3.923028091654159,13.96067759992409,0.0015037593984962411
2.762243015426016,12.58973641574244,0.0015037593984962411
9.390465007505961,11.280426201084957,0.0012030075187969922
8.93230360407695,-12.478983139938268,0.026165413533834586
9.523564316027933,-11.618099979750589,0.026165413533834586
-1.4635045212741655,15.021050955992955,0.023157894736842106
6.892515968775351,3.3533537938117357,0.020150375939849623
-2.482987683471406,14.344937279235634,0.023157894736842106
8.538569152206524,-12.69395053237497,0.026165413533834586
9.642629919585136,-11.77557436145473,0.026165413533834586
9.28549189684867,12.235538488481803,0.0012030075187969922
8.012089115201618,9.520152599050773,0.007518796992481201
12.158539318712675,13.053583182255114,0.0012030075187969922
0.5067049300411373,18.901324694487858,0.006315789473684211
12.090008794400006,12.785147983929576,0.0012030075187969922
2.522849496573,12.398058578059825,0.003909774436090226
-1.7794494008017465,15.2185752487933,0.023157894736842106
-0.8771270301208398,13.462280241140798,0.0015037593984962411
9.79861969979503,8.642856394625646,0.0012030075187969922
11.855157668480967,12.468512225381204,0.0033082706766917286
8.744838029258933,-13.045014589106579,0.026165413533834586
6.889053499198115,3.0743109886612956,0.020150375939849623
7.313779172258445,-8.202981609640124,0.039699248120300755
4.705879513575825,12.229319026566946,0.006315789473684211
5.816618686776268,-10.572046414913828,0.039699248120300755
6.091910607546507,-9.503331659471739,0.039699248120300755
10.40973430418651,8.351473427899867,0.0012030075187969922
-0.45134619612199456,17.779754752479253,0.0015037593984962411
6.932834797768756,4.714043009099431,0.020150375939849623
1.8782638276817258,30.716010175181964,0.018345864661654138
9.52706145781693,-11.687986216803978,0.026165413533834586
9.30610736635444,11.180092042027871,0.0033082706766917286
6.326104348269993,3.28147348552568,0.020150375939849623
6.648806745733258,3.8407009797490312,0.020150375939849623
9.80851205402367,-11.592886835795658,0.026165413533834586
3.546024642358776,12.330710784899201,0.0015037593984962411
7.091306053494478,-8.582967002437144,0.039699248120300755
5.471046527181604,-9.428653418030217,0.039699248120300755
9.642629919585136,-11.77557436145473,0.026165413533834586
7.003311082383671,-9.599028103603759,0.039699248120300755
-0.23210698718583903,14.194170719256011,0.02796992481203008
9.534556609344836,-12.322183472795535,0.026165413533834586
12.447935320977178,13.762368018526258,0.011729323308270674
1.9784155768365856,15.298262720370179,0.0015037593984962411
3.742905596937911,12.516606794140234,0.0015037593984962411
7.278246224283224,6.879093629619247,0.00962406015037594
-1.900406825881661,15.206454181789299,0.023157894736842106
6.844895787401856,-9.826235949783753,0.039699248120300755
0.5393680659496543,30.198598100340973,0.04481203007518798
6.766961998861431,-9.759587894819354,0.039699248120300755
3.5191112569864864,13.371967385810159,0.0015037593984962411
1.5542463339004107,14.823899642192885,0.006315789473684211
-0.7116420750806585,28.374604030674377,0.01593984962406015
6.124900818974312,-9.255192558142008,0.039699248120300755
10.68283710218671,8.968613446861317,0.0033082706766917286
7.938438700837654,8.94557408813352,0.0012030075187969922
11.908709625668415,12.501550721486234,0.002706766917293233
-1.1660583239062545,15.990287028086687,0.023157894736842106
-0.01861706615787634,18.842603547786503,0.003909774436090226
-1.7136515246134971,15.504058614356486,0.023157894736842106
8.496296826987656,10.743693714250709,0.0033082706766917286
0.5064368767488744,14.566443849467039,0.0015037593984962411
4.198923676510735,13.900901575685587,0.0015037593984962411
9.589317989503561,-11.70302677271133,0.026165413533834586
9.079531651727697,-11.69894990942772,0.026165413533834586
12.11629544562481,9.685429880758548,0.00962406015037594
6.563597379218235,-9.345941633211133,0.039699248120300755
5.207205634032423,-10.321845722265728,0.039699248120300755
8.703581259636586,-12.954744805177016,0.026165413533834586
9.972263899054838,-12.134182334723874,0.026165413533834586
2.7607749882112156,12.936390537181717,0.008721804511278197
1.389329218255732,14.44800838114213,0.0015037593984962411
-0.7107785302349312,16.51878692036367,0.023157894736842106
11.109817769543147,10.14797635269285,0.020150375939849623
10.690299334891877,-11.514777079896156,0.026165413533834586
9.868779934813452,-11.234692877470362,0.026165413533834586
0.45530506441265756,18.86385553330924,0.0015037593984962411
1.2844821527002162,14.452839336177105,0.018345864661654138
8.661081981126205,-13.210500582986603,0.026165413533834586
9.661495854679313,8.558056261053263,0.0012030075187969922
2.0066158020395823,15.08096115063253,0.0009022556390977443
-1.4481899737238988,16.442692631597712,0.023157894736842106
6.385079295773464,4.104328517314685,0.020150375939849623
6.225309443952118,-9.832908074766872,0.039699248120300755
-0.26729394752202107,18.11707819107762,0.0015037593984962411
-0.9418431559927201,16.02281531265539,0.023157894736842106
4.914156748935655,16.230214917255637,0.0015037593984962411
10.364622075968185,-11.996441770646234,0.026165413533834586
6.970642213371297,-9.200104774913756,0.039699248120300755
9.71116739960394,-12.439294751641825,0.026165413533834586
7.764789602564343,-8.939883178118267,0.0018045112781954892
8.017852209284207,-13.294762181894685,0.026165413533834586
10.18255429034585,-11.99326371902314,0.026165413533834586
-1.0253914321361455,15.442550170801667,0.023157894736842106
3.63054688332182,13.984641005625102,0.003909774436090226
4.038998218575333,13.956670870647644,0.0015037593984962411
10.052228618152846,-11.754408790030608,0.026165413533834586
2.428892517055746,12.758046711282569,0.011127819548872181
-2.013785339731797,15.132655601588722,0.023157894736842106
7.202799948277432,-9.051939532688712,0.039699248120300755
10.014192605034212,8.958180039400157,0.0012030075187969922
9.34071594890945,-12.879317082494387,0.026165413533834586
12.295161944523638,12.85548233839371,0.03278195488721804
5.466987612936209,2.997445465415396,0.020150375939849623
9.996147587886266,13.156337140675184,0.0012030075187969922
8.68285337944326,-12.944126862426256,0.026165413533834586
9.698986371147969,-12.381119744449927,0.026165413533834586
7.254090036731553,-8.878408009772375,0.039699248120300755
5.471456860992747,-10.28496485575604,0.039699248120300755
4.2407185381744155,13.664335632128314,0.4306766917293233
9.913714850775934,9.359364204024825,0.0033082706766917286
-2.722494439736348,14.879668399205109,0.023157894736842106
3.0632532969260238,16.331629206365633,0.0015037593984962411
4.9254631738009405,11.914584407724714,0.0033082706766917286
2.5778540261916154,12.508685982578,0.0015037593984962411
6.973214635758698,4.554805922720419,0.020150375939849623
7.2534202507342735,-9.118851904995465,0.039699248120300755
8.218872109382689,-13.542446537627791,0.026165413533834586
-1.236016211763831,15.944609879244508,0.023157894736842106
-0.23210698718583903,14.194170719256011,0.02796992481203008
6.654146535849396,3.3017098776374922,0.020150375939849623
9.856661684021317,9.014973947285977,0.013834586466165413
-1.4933172718832801,16.479724905696212,0.023157894736842106
8.964706276505193,13.481622136431332,0.02225563909774436
6.663093266505441,-8.92643529669762,0.039699248120300755
8.188326010688506,10.064735382914295,0.0033082706766917286
7.212569420290445,4.5952373248516025,0.020150375939849623
12.319812636713388,13.167817030523775,0.0012030075187969922
-3.0285681938277316,14.196892923343503,0.023157894736842106
-0.3810368418836576,17.740238759642477,0.04240601503759399
6.523100928090696,-9.720609406831876,0.039699248120300755
6.315626902825468,-9.926124431071337,0.039699248120300755
2.0760556262166334,12.698985951591311,0.003909774436090226
-1.3766287936409878,16.497830173414346,0.023157894736842106
-2.662078228287075,15.041358604748972,0.023157894736842106
-0.6407574670646343,13.694796379238626,0.003909774436090226
8.809399129966133,-13.320599254018445,0.026165413533834586
-1.228555859252152,15.642938565640545,0.023157894736842106
8.687288853060984,9.872389659646611,0.0012030075187969922
1.4168122935300247,12.170385921257818,0.003909774436090226
4.808630931823038,13.963860322855837,0.0015037593984962411
7.986734908126549,10.038578482601034,0.00962406015037594
9.335062139843602,-11.815804434689325,0.026165413533834586
6.629397613911304,3.613001522707406,0.020150375939849623
5.548583699892531,-10.102428366580002,0.039699248120300755
5.58372639776262,-10.361084608414235,0.039699248120300755
9.935019011164993,-11.668982672349728,0.026165413533834586
10.78602952399476,12.916586637889779,0.007518796992481201
10.457293996587472,10.026062646983368,0.005413533834586465
8.776229120946102,-13.19603893585505,0.026165413533834586
-2.1202234731438776,15.243038293270475,0.023157894736842106
6.31496496599972,4.479102754874898,0.020150375939849623
8.346662575204832,10.196911120626494,0.0012030075187969922
4.840569407418933,12.569968909432953,0.051729323308270674
9.513960396586686,13.738489476081293,0.020150375939849623
6.448910434913551,3.601716384800259,0.020150375939849623
8.776229120946102,-13.19603893585505,0.026165413533834586
6.044308918051337,4.081716970831839,0.020150375939849623
-2.662078228287075,15.041358604748972,0.023157894736842106
10.068084623844845,-11.515751660579141,0.026165413533834586
9.779133450000383,-12.039768937641293,0.026165413533834586
7.521904925331281,-9.260135108715215,0.007218045112781955
5.583203579461125,2.6856742911050175,0.020150375939849623
4.374724226332154,12.118597298180962,0.06165413533834586
12.803883440729123,13.53229852849043,0.015939849624060146
6.523317389725285,-9.211476744742898,0.039699248120300755
-1.3766287936409878,16.497830173414346,0.023157894736842106
6.073848612851544,-9.413544643037373,0.039699248120300755
9.40163224649694,-12.071066396832412,0.026165413533834586
4.198923676510735,13.900901575685587,0.0012030075187969922
10.076579553954828,-11.779396024936322,0.026165413533834586
10.921078721154862,9.43466689874337,0.00962406015037594
7.337294541078709,-9.050882369378062,0.039699248120300755
1.9580558492562639,15.332333005296688,0.0015037593984962411
-1.9462647273130749,14.675567822694097,0.023157894736842106
6.014005055279143,-8.76728897036079,0.039699248120300755
9.135642871709438,10.117319705591123,0.0012030075187969922
8.595560040509337,-13.347507091234654,0.026165413533834586
2.256988960243107,15.358642894495478,0.003909774436090226
6.95726890041577,4.1407343094031965,0.020150375939849623
1.1956524183637427,30.35220715951909,0.02796992481203008
6.523100928090696,-9.720609406831876,0.039699248120300755
6.596596892283796,-9.180942302883004,0.039699248120300755
3.6844551238846046,13.410732112748539,0.0015037593984962411
7.160902261129598,3.743255619649136,0.020150375939849623
9.182933191060428,-12.691154389960523,0.026165413533834586
9.021883006059923,-13.010573653784544,0.026165413533834586
8.608863694146537,-12.634280291559628,0.026165413533834586
5.717962754403812,-10.580594535825927,0.039699248120300755
4.367318816839715,14.034715971522118,0.0015037593984962411
9.456887057899191,13.263705931123393,0.0012030075187969922
4.355436164275723,14.717173645176464,0.0015037593984962411
4.249383900040835,11.740997242954974,0.0012030075187969922
7.361248271368406,-8.799025004452059,0.039699248120300755
1.6851706254392576,15.040826432899213,0.0015037593984962411
9.240497969031466,-12.339217528863667,0.026165413533834586
9.667715849170088,-11.278439809828928,0.026165413533834586
-2.0031473893852083,15.612213821064824,0.023157894736842106
-2.722494439736348,14.879668399205109,0.023157894736842106
8.088166939169271,-12.69586270736752,0.026165413533834586
6.255595172500223,-10.051060927663531,0.039699248120300755
3.186663356730287,16.348202716984133,0.0015037593984962411
9.047267392837341,-13.594018360392205,0.026165413533834586
-2.036263668939239,15.506779935786982,0.023157894736842106
3.0632532969260238,16.331629206365633,0.0015037593984962411
10.012518544414478,-11.53105702468738,0.026165413533834586
7.165701293956719,-8.598638432684275,0.039699248120300755
-2.1595523067380586,15.289933699493252,0.023157894736842106
6.835859774291501,-8.933574513452317,0.039699248120300755
3.5447559305691847,12.414796986459283,0.018345864661654138
5.742734109558447,3.7718357515025946,0.020150375939849623
9.298293574270375,-12.823342960241865,0.026165413533834586
11.597827603169247,12.463297682917673,0.039097744360902256
10.433726969418618,9.017801196408373,0.0012030075187969922
10.735786030033308,11.357574941664565,0.047518796992481196
-0.434557113861314,16.697496260353034,0.023157894736842106
0.7461609771979878,19.23123255000521,0.008721804511278197
6.197157615050558,3.7795939189653796,0.020150375939849623
10.852413610097944,12.964594195838478,0.011729323308270674
-0.4373715078303295,17.65993936707316,0.0015037593984962411
8.604091672602394,-13.439621732334217,0.026165413533834586
9.917645470877932,-12.398505865674846,0.026165413533834586
11.580069398657294,9.064438030119986,0.007518796992481201
5.973464700161455,-9.316746642228187,0.039699248120300755
8.363650982994283,-12.889276929852223,0.026165413533834586
8.522056172291249,-13.023515079106762,0.026165413533834586
6.541056017151805,-9.52399086451985,0.039699248120300755
5.03710485300001,14.431111117720798,0.0015037593984962411
8.892875987497971,-12.66816149315063,0.026165413533834586
10.55452078939464,12.281304028889707,0.02857142857142857
-1.6297406285702591,15.737018196155148,0.023157894736842106
9.243597706595665,-12.45999424059038,0.026165413533834586
-1.8462794191491276,15.882002613805652,0.023157894736842106
9.684917301124761,-11.221914741507883,0.026165413533834586
-1.280064942592101,15.517744455810215,0.023157894736842106
-1.1762101087833001,17.471851594900983,0.003909774436090226
9.37929550564692,8.53098566812848,0.0012030075187969922
8.437483696886952,-12.85048492503553,0.026165413533834586
10.169392622531339,-11.8116868208161,0.026165413533834586
-1.079339360245368,15.397948621255647,0.023157894736842106
5.717962754403812,-10.580594535825927,0.039699248120300755
10.189818650915601,-11.789346184121827,0.026165413533834586
-0.2524436935633642,14.401040151193946,0.032781954887218044
10.18255429034585,-11.99326371902314,0.026165413533834586
2.1092596519998192,15.42609836102864,0.032781954887218044
0.7461609771979878,19.23123255000521,0.008721804511278197
9.238319402765129,13.606320746269654,0.0012030075187969922
5.163200619446352,-10.606694923995661,0.039699248120300755
11.364130199286883,12.896583909397414,0.0012030075187969922
8.298987604761976,-13.026724343086856,0.026165413533834586
8.973073709301767,10.132973153802919,0.0012030075187969922
5.629716822834914,-10.315130843082578,0.039699248120300755
9.848325492422024,-12.752455448042541,0.026165413533834586
3.2366862954668827,13.05352634320713,0.020751879699248122
4.7194596946486715,14.921255292441298,0.003909774436090226
9.954033706352787,13.073386349238147,0.0012030075187969922
3.6398993839320934,13.546009478683176,0.003909774436090226
7.6695685944994985,9.063400622494674,0.0012030075187969922
3.9890968345418347,13.728077771283745,0.0015037593984962411
6.205135198463052,2.972029097743026,0.020150375939849623
8.072713420688608,-13.140395117404484,0.026165413533834586
4.632570130809947,12.233593083345173,0.0015037593984962411
7.482429780523512,-8.426691014115463,0.039699248120300755
9.335837888125956,-12.03061266710425,0.026165413533834586
5.565028615708779,2.7179115069832136,0.020150375939849623
7.94801148091212,8.859091376660748,0.0012030075187969922
9.869403715439521,-12.796657233066869,0.026165413533834586
4.632570130809947,12.233593083345173,0.0012030075187969922
8.551050557681664,12.932587812844975,0.00962406015037594
10.356560416857958,12.560878377545842,0.0012030075187969922
-1.288213134056551,16.632864387338547,0.023157894736842106
9.182933191060428,-12.691154389960523,0.026165413533834586
9.534556609344836,-12.322183472795535,0.026165413533834586
8.677328860668485,-12.803864659809605,0.026165413533834586
11.410417124279206,10.238604893278005,0.0033082706766917286
9.035774834567652,-13.480117317926753,0.026165413533834586
11.919033658748276,12.947801479055606,0.0033082706766917286
11.856423333780482,9.993695484781602,0.0012030075187969922
6.42397091230041,-9.375288402869698,0.039699248120300755
1.7149954625614534,12.227902143983178,0.0015037593984962411
5.192319834682117,-9.879845027307443,0.039699248120300755
-0.6857652093566619,13.511273986062337,0.003909774436090226
10.426762148715596,-11.16155431158737,0.026165413533834586
8.308787273144164,-13.142053629025455,0.026165413533834586
9.480258076276595,-11.795268171597858,0.026165413533834586
5.691729753075921,2.841012914874793,0.020150375939849623
9.96947149811983,12.134694639768105,0.0012030075187969922
9.37445111528729,-13.079407867016325,0.026165413533834586
-0.595412474692032,13.726967344146296,0.0015037593984962411
9.751477201705397,-11.765155217392802,0.026165413533834586
-2.013785339731797,15.132655601588722,0.023157894736842106
10.333018756763845,-11.333263649623891,0.026165413533834586
9.019758942438877,-12.087453040402172,0.026165413533834586
7.09973608459421,-8.81021623974437,0.05323308270676692
2.7000380803524333,16.00530987655049,0.003909774436090226
6.523100928090696,-9.720609406831876,0.039699248120300755
-2.038099830719159,15.241387516874752,0.023157894736842106
7.452553987191509,9.725480369403524,0.0012030075187969922
-1.1831963324573544,17.49855636212283,0.003909774436090226
10.353468500144142,13.671274263363951,0.0033082706766917286
11.39048347078249,12.410327411806678,0.0012030075187969922
9.474920156030064,13.170635350777848,0.011729323308270674
9.379582693902897,-12.429303230409658,0.026165413533834586
11.370088717595724,12.666242372821337,0.0012030075187969922
7.4036942742416105,-8.969103660520627,0.039699248120300755
5.84345173835356,3.4025469403331146,0.020150375939849623
6.347470104663252,-9.382307726327637,0.039699248120300755
4.499906359874318,12.237639062490517,0.9999999999999999
8.814227395126615,-12.849837336447994,0.026165413533834586
-2.1336285104986414,15.334972172617228,0.023157894736842106
8.9802111206819,-13.003645415633144,0.026165413533834586
10.677202219536436,9.67565884712856,0.0012030075187969922
4.111536731102982,14.534778412964448,0.04240601503759399
2.0760556262166334,12.698985951591311,0.003909774436090226
5.377745281944096,-9.974523408929514,0.039699248120300755
-1.170478586383275,16.034986485991023,0.023157894736842106
7.397974848381873,-9.353150620723254,0.0018045112781954892
0.01129385847948372,17.86405742097927,0.006315789473684211
5.973464700161455,-9.316746642228187,0.039699248120300755
6.617610669184792,-9.437821993793467,0.039699248120300755
8.90284895375426,-12.926121785683364,0.026165413533834586
8.298987604761976,-13.026724343086856,0.026165413533834586
9.182933191060428,-12.691154389960523,0.026165413533834586
6.638571081533704,3.949618701107274,0.020150375939849623
9.019758942438877,-12.087453040402172,0.026165413533834586
11.389328525996492,12.125222020345646,0.0012030075187969922
8.631979253985955,-12.523310211718021,0.026165413533834586
-0.6969560838553146,16.055015020653105,0.023157894736842106
8.358129224867994,9.664693605254893,0.0012030075187969922
5.369321229847396,-9.921288394567524,0.039699248120300755
6.996707773697127,7.920489781239901,0.0012030075187969922
4.075469527814909,14.049507477866957,0.0015037593984962411
0.5985498920621457,29.000828388528877,0.0015037593984962411
10.136119828882299,-11.228033188730446,0.026165413533834586
-1.8327620147760153,15.36057538995059,0.023157894736842106
8.19883022635446,-13.099585767305555,0.026165413533834586
-0.9701441923434009,16.051903019302557,0.023157894736842106
4.108539412479869,12.68145543339874,0.020150375939849623
6.47263929489357,3.0866344176380105,0.020150375939849623
10.164217846625728,-11.822739556392516,0.026165413533834586
-1.4647018677075754,14.995364329543506,0.023157894736842106
9.109015740664123,-12.66274774607456,0.026165413533834586
6.485291699622259,-9.480741003326195,0.039699248120300755
-1.288213134056551,16.632864387338547,0.023157894736842106
8.609184874991517,12.772514194706288,0.0012030075187969922
7.165701293956719,-8.598638432684275,0.039699248120300755
4.705879513575825,12.229319026566946,0.006315789473684211
5.758875861458488,-10.02694368531251,0.039699248120300755
